Datetime (UTC),Timezone (minutes),Unix Timestamp (UTC),Acc magnitude avg,Eda avg,Temp avg,Movement intensity,Steps count,Rest,On Wrist
2020-01-18T13:00:00Z,-300,1579352400000,1.044551,0.389997,28.112500,0,0,0,false
2020-01-18T13:01:00Z,-300,1579352460000,0.966219,0.568742,28.254328,0,0,0,false
2020-01-18T13:02:00Z,-300,1579352520000,1.053038,0.857908,28.633441,0,0,0,false
2020-01-18T13:03:00Z,-300,1579352580000,1.078198,0.962352,28.992183,17,47,0,false
2020-01-18T13:04:00Z,-300,1579352640000,1.078063,1.103204,29.232367,20,0,0,false
2020-01-18T13:05:00Z,-300,1579352700000,1.079643,1.221607,29.421200,53,0,0,false
2020-01-18T13:06:00Z,-300,1579352760000,1.057298,1.355337,29.588217,12,0,0,false
2020-01-18T13:07:00Z,-300,1579352820000,1.086172,1.598131,29.668033,55,0,0,false
2020-01-18T13:08:00Z,-300,1579352880000,1.073516,1.876775,29.762617,47,0,0,false
2020-01-18T13:09:00Z,-300,1579352940000,1.096993,2.198535,29.857133,77,0,0,false
2020-01-18T13:10:00Z,-300,1579353000000,1.051621,2.608193,29.949050,32,0,0,false
2020-01-18T13:11:00Z,-300,1579353060000,1.023469,3.044117,29.967133,0,0,0,false
2020-01-18T13:12:00Z,-300,1579353120000,1.027752,3.523436,29.838183,0,0,0,false
2020-01-18T13:13:00Z,-300,1579353180000,1.031972,4.099380,29.734883,0,0,0,false
2020-01-18T13:14:00Z,-300,1579353240000,1.065799,4.841888,29.802183,30,0,0,false
2020-01-18T13:15:00Z,-300,1579353300000,1.061220,5.529422,29.812450,14,0,0,false
2020-01-18T13:16:00Z,-300,1579353360000,1.074889,6.231973,29.814250,13,0,0,false
2020-01-18T13:17:00Z,-300,1579353420000,1.014145,6.938702,29.787333,0,0,0,false
2020-01-18T13:18:00Z,-300,1579353480000,1.024147,7.783120,29.840783,21,0,0,false
2020-01-18T13:19:00Z,-300,1579353540000,0.990585,8.546861,29.844200,0,0,0,false
2020-01-18T13:20:00Z,-300,1579353600000,1.039618,9.373475,29.825950,0,0,0,false
2020-01-18T13:21:00Z,-300,1579353660000,1.052820,10.254479,29.814250,0,0,0,false
2020-01-18T13:22:00Z,-300,1579353720000,0.971894,10.853744,29.765833,0,0,0,false
2020-01-18T13:23:00Z,-300,1579353780000,1.035708,11.755392,29.741767,0,0,0,false
2020-01-18T13:24:00Z,-300,1579353840000,1.041667,12.712070,29.779917,0,0,0,false
2020-01-18T13:25:00Z,-300,1579353900000,1.035834,13.590800,29.819650,0,0,0,false
2020-01-18T13:26:00Z,-300,1579353960000,1.038777,14.344185,29.808350,0,0,0,false
2020-01-18T13:27:00Z,-300,1579354020000,1.005729,15.266261,29.928667,0,0,0,false
2020-01-18T13:28:00Z,-300,1579354080000,0.983602,16.091677,30.003933,0,0,0,false
2020-01-18T13:29:00Z,-300,1579354140000,0.980141,16.699581,29.961967,0,0,0,false
2020-01-18T13:30:00Z,-300,1579354200000,0.970407,17.543768,29.958900,0,0,0,false
2020-01-18T13:31:00Z,-300,1579354260000,0.980227,18.285966,29.995033,0,0,0,false
2020-01-18T13:32:00Z,-300,1579354320000,0.967714,18.879342,30.045283,0,0,0,false
2020-01-18T13:33:00Z,-300,1579354380000,0.976261,19.466791,30.085450,0,0,0,false
2020-01-18T13:34:00Z,-300,1579354440000,0.969750,20.284555,30.147817,0,0,0,false
2020-01-18T13:35:00Z,-300,1579354500000,0.977528,20.742733,30.197417,0,0,0,false
2020-01-18T13:36:00Z,-300,1579354560000,0.988908,21.124873,30.264167,0,0,0,false
2020-01-18T13:37:00Z,-300,1579354620000,0.986655,21.519355,30.255517,0,0,0,false
2020-01-18T13:38:00Z,-300,1579354680000,0.991148,21.775738,30.250650,0,0,0,false
2020-01-18T13:39:00Z,-300,1579354740000,1.005164,22.116130,30.254583,0,0,0,false
2020-01-18T13:40:00Z,-300,1579354800000,0.973216,22.325682,30.226400,0,0,0,false
2020-01-18T13:41:00Z,-300,1579354860000,0.986336,22.444252,30.173917,0,0,0,false
2020-01-18T13:42:00Z,-300,1579354920000,0.982619,22.628018,30.177817,0,0,0,false
2020-01-18T13:43:00Z,-300,1579354980000,0.983367,22.986034,30.162950,0,0,0,false
2020-01-18T13:44:00Z,-300,1579355040000,1.033718,22.379154,30.178883,0,0,0,false
2020-01-18T13:45:00Z,-300,1579355100000,1.017885,22.102504,30.116550,0,0,0,false
2020-01-18T13:46:00Z,-300,1579355160000,1.003588,22.548040,30.101417,0,0,0,false
2020-01-18T13:47:00Z,-300,1579355220000,1.019993,22.306123,30.097350,0,0,0,false
2020-01-18T13:48:00Z,-300,1579355280000,1.032442,22.427883,30.109450,0,0,0,false
2020-01-18T13:49:00Z,-300,1579355340000,0.979541,22.616482,30.137983,0,0,0,false
2020-01-18T13:50:00Z,-300,1579355400000,1.026851,23.699870,30.146333,12,0,0,false
2020-01-18T13:51:00Z,-300,1579355460000,1.046535,23.153330,30.105850,10,0,0,false
2020-01-18T13:52:00Z,-300,1579355520000,1.044061,23.213452,30.066183,17,0,0,false
2020-01-18T13:53:00Z,-300,1579355580000,1.019740,23.236581,30.022717,0,0,0,false
2020-01-18T13:54:00Z,-300,1579355640000,1.008642,23.496206,29.941267,0,0,0,false
2020-01-18T13:55:00Z,-300,1579355700000,1.011135,23.625513,29.858400,0,0,0,false
2020-01-18T13:56:00Z,-300,1579355760000,1.019299,23.794385,29.901950,0,0,0,false
2020-01-18T13:57:00Z,-300,1579355820000,1.010297,23.647978,29.911367,0,0,0,false
2020-01-18T13:58:00Z,-300,1579355880000,0.978875,23.858570,29.958233,0,0,0,false
2020-01-18T13:59:00Z,-300,1579355940000,0.990222,23.912508,30.041000,0,0,0,false
2020-01-18T14:00:00Z,-300,1579356000000,0.989683,24.019853,30.134650,0,0,0,false
2020-01-18T14:01:00Z,-300,1579356060000,0.985289,24.154976,30.160650,0,0,0,false
2020-01-18T14:02:00Z,-300,1579356120000,1.009700,24.297032,30.166483,0,0,0,false
2020-01-18T14:03:00Z,-300,1579356180000,0.988689,24.300553,30.181283,0,0,0,false
2020-01-18T14:04:00Z,-300,1579356240000,0.967579,24.211077,30.201950,0,0,0,false
2020-01-18T14:05:00Z,-300,1579356300000,1.008618,24.254369,30.196350,0,0,0,false
2020-01-18T14:06:00Z,-300,1579356360000,1.041529,24.492431,29.846683,0,0,0,false
2020-01-18T14:07:00Z,-300,1579356420000,1.075017,24.306523,29.848800,0,0,0,false
2020-01-18T14:08:00Z,-300,1579356480000,1.072306,24.055687,29.842083,0,0,0,false
2020-01-18T14:09:00Z,-300,1579356540000,1.071201,23.705952,29.789983,0,0,0,false
2020-01-18T14:10:00Z,-300,1579356600000,1.077237,23.716324,29.787700,0,0,0,false
2020-01-18T14:11:00Z,-300,1579356660000,1.083872,25.033252,29.761933,0,0,0,false
2020-01-18T14:12:00Z,-300,1579356720000,1.064209,24.115986,29.734250,0,0,0,false
2020-01-18T14:13:00Z,-300,1579356780000,1.066847,24.015117,29.728850,0,0,0,false
2020-01-18T14:14:00Z,-300,1579356840000,1.061510,23.838525,29.721200,0,0,0,false
2020-01-18T14:15:00Z,-300,1579356900000,1.079406,24.559873,29.747067,0,0,0,false
2020-01-18T14:16:00Z,-300,1579356960000,1.074524,23.812528,29.795800,0,0,0,false
2020-01-18T14:17:00Z,-300,1579357020000,1.083417,24.384837,29.750167,0,0,0,false
2020-01-18T14:18:00Z,-300,1579357080000,1.067381,23.974168,29.736950,0,0,0,false
2020-01-18T14:19:00Z,-300,1579357140000,1.046887,23.654137,29.764767,0,0,0,false
2020-01-18T14:20:00Z,-300,1579357200000,1.065927,23.372601,29.837200,0,0,0,false
2020-01-18T14:21:00Z,-300,1579357260000,1.056569,23.104257,29.804350,0,0,0,false
2020-01-18T14:22:00Z,-300,1579357320000,1.082876,22.988228,29.790983,0,0,0,false
2020-01-18T14:23:00Z,-300,1579357380000,1.077649,22.531307,29.739500,0,0,0,false
2020-01-18T14:24:00Z,-300,1579357440000,1.054321,22.523341,29.738262,0,0,0,false
2020-01-18T14:25:00Z,-300,1579357500000,1.054818,23.628536,29.781083,0,0,0,false
2020-01-18T14:26:00Z,-300,1579357560000,1.037014,24.019639,29.829627,0,0,0,false
2020-01-18T14:27:00Z,-300,1579357620000,1.050486,23.844673,29.868883,0,0,0,false
2020-01-18T14:28:00Z,-300,1579357680000,1.070825,23.456557,29.863183,0,0,0,false
2020-01-18T14:29:00Z,-300,1579357740000,1.066308,23.294751,29.860583,0,0,0,false
2020-01-18T14:30:00Z,-300,1579357800000,1.037611,23.464827,29.911800,0,0,0,false
2020-01-18T14:31:00Z,-300,1579357860000,1.067362,23.365576,29.908525,0,0,0,false
2020-01-18T14:32:00Z,-300,1579357920000,1.072162,23.314502,29.933932,0,0,0,false
2020-01-18T14:33:00Z,-300,1579357980000,1.037401,23.367157,30.004250,0,0,0,false
2020-01-18T14:34:00Z,-300,1579358040000,1.041171,23.521799,30.123083,0,0,0,false
2020-01-18T14:35:00Z,-300,1579358100000,1.047130,23.640040,30.239311,0,0,0,false
2020-01-18T14:36:00Z,-300,1579358160000,1.049451,23.526762,30.234300,0,0,0,false
2020-01-18T14:37:00Z,-300,1579358220000,1.085120,23.261237,30.235650,0,0,0,false
2020-01-18T14:38:00Z,-300,1579358280000,1.036978,23.503289,30.201733,0,0,0,false
2020-01-18T14:39:00Z,-300,1579358340000,1.011927,23.734454,30.162400,0,0,0,false
2020-01-18T14:40:00Z,-300,1579358400000,1.011805,23.856451,30.212767,0,0,0,false
2020-01-18T14:41:00Z,-300,1579358460000,1.004617,23.873141,30.254233,0,0,0,false
2020-01-18T14:42:00Z,-300,1579358520000,1.024874,23.982947,30.272067,0,0,0,false
2020-01-18T14:43:00Z,-300,1579358580000,1.008757,24.074268,30.272483,0,0,0,false
2020-01-18T14:44:00Z,-300,1579358640000,1.035492,24.120574,30.237350,0,0,0,false
2020-01-18T14:45:00Z,-300,1579358700000,1.002856,24.242630,30.214233,0,0,0,false
2020-01-18T14:46:00Z,-300,1579358760000,0.993728,24.234067,30.180867,0,0,0,false
2020-01-18T14:47:00Z,-300,1579358820000,0.994135,24.548777,30.192133,0,0,0,false
2020-01-18T14:48:00Z,-300,1579358880000,1.040930,24.213034,30.213817,0,0,0,false
2020-01-18T14:49:00Z,-300,1579358940000,1.046164,24.128440,30.206867,0,0,0,false
2020-01-18T14:50:00Z,-300,1579359000000,1.056635,24.118109,30.157339,0,0,0,false
2020-01-18T14:51:00Z,-300,1579359060000,1.047888,24.104035,30.115180,0,0,0,false
2020-01-18T14:52:00Z,-300,1579359120000,0.981754,24.355751,30.130467,0,0,0,false
2020-01-18T14:53:00Z,-300,1579359180000,1.009713,24.413441,30.051083,0,0,0,false
2020-01-18T14:54:00Z,-300,1579359240000,1.024524,24.459551,30.022450,0,0,0,false
2020-01-18T14:55:00Z,-300,1579359300000,1.059211,23.700125,30.127517,0,0,0,false
2020-01-18T14:56:00Z,-300,1579359360000,1.077700,23.282291,30.151300,0,0,0,false
2020-01-18T14:57:00Z,-300,1579359420000,1.052292,24.173437,30.107100,0,0,0,false
2020-01-18T14:58:00Z,-300,1579359480000,0.965509,24.351214,30.204267,0,0,0,false
2020-01-18T14:59:00Z,-300,1579359540000,1.016615,24.910300,30.199067,0,0,0,false
2020-01-18T15:00:00Z,-300,1579359600000,1.011637,24.844522,30.219183,0,0,0,false
2020-01-18T15:01:00Z,-300,1579359660000,1.008048,24.924063,30.189967,0,0,0,false
2020-01-18T15:02:00Z,-300,1579359720000,1.020913,24.896180,30.176695,0,0,0,false
2020-01-18T15:03:00Z,-300,1579359780000,1.016437,25.047287,30.184767,0,0,0,false
2020-01-18T15:04:00Z,-300,1579359840000,1.058548,26.434146,30.056833,16,0,0,false
2020-01-18T15:05:00Z,-300,1579359900000,1.032579,26.115172,30.002115,14,0,0,false
2020-01-18T15:06:00Z,-300,1579359960000,1.042909,25.674941,29.814200,0,0,0,false
2020-01-18T15:07:00Z,-300,1579360020000,1.027961,25.667926,29.656400,0,0,0,false
2020-01-18T15:08:00Z,-300,1579360080000,1.058160,25.675084,29.633000,0,0,0,false
2020-01-18T15:09:00Z,-300,1579360140000,1.038229,26.128611,29.661983,0,0,0,false
2020-01-18T15:10:00Z,-300,1579360200000,1.037925,26.050809,29.640797,0,0,0,false
2020-01-18T15:11:00Z,-300,1579360260000,1.040024,26.002874,29.222517,0,0,0,false
2020-01-18T15:12:00Z,-300,1579360320000,1.038498,25.958436,29.197450,0,0,0,false
2020-01-18T15:13:00Z,-300,1579360380000,1.036304,25.980466,29.164267,0,0,0,false
2020-01-18T15:14:00Z,-300,1579360440000,1.041655,25.920702,29.120689,0,0,0,false
2020-01-18T15:15:00Z,-300,1579360500000,1.044880,25.793545,29.078450,0,0,0,false
2020-01-18T15:16:00Z,-300,1579360560000,1.038912,25.927380,29.032450,0,0,0,false
2020-01-18T15:17:00Z,-300,1579360620000,1.040342,25.972348,28.999650,0,0,0,false
2020-01-18T15:18:00Z,-300,1579360680000,1.041702,25.649909,28.949250,0,0,0,false
2020-01-18T15:19:00Z,-300,1579360740000,1.037972,25.465328,28.900650,0,0,0,false
2020-01-18T15:20:00Z,-300,1579360800000,1.037974,25.480204,28.841700,0,0,0,false
2020-01-18T15:21:00Z,-300,1579360860000,1.037637,25.576570,28.796250,0,0,0,false
2020-01-18T15:22:00Z,-300,1579360920000,1.048791,25.496101,28.749450,0,0,0,false
2020-01-18T15:23:00Z,-300,1579360980000,1.036473,25.532952,28.677517,0,0,0,false
2020-01-18T15:24:00Z,-300,1579361040000,1.038780,25.433541,28.613900,0,0,0,false
2020-01-18T15:25:00Z,-300,1579361100000,1.041017,25.382234,28.536500,0,0,0,false
2020-01-18T15:26:00Z,-300,1579361160000,1.032255,25.309953,28.459100,0,0,0,false
2020-01-18T15:27:00Z,-300,1579361220000,1.046258,25.326350,28.389800,0,0,0,false
2020-01-18T15:28:00Z,-300,1579361280000,1.036866,25.319494,28.335350,0,0,0,false
2020-01-18T15:29:00Z,-300,1579361340000,1.042672,25.442558,28.312400,0,0,0,false
2020-01-18T15:30:00Z,-300,1579361400000,1.051354,26.451703,28.236186,25,0,0,false
2020-01-18T15:31:00Z,-300,1579361460000,1.066619,25.344996,28.279550,0,0,2,false
2020-01-18T15:32:00Z,-300,1579361520000,1.066158,24.787128,28.294754,0,0,2,false
2020-01-18T15:33:00Z,-300,1579361580000,1.065548,24.827400,28.301600,0,0,1,false
2020-01-18T15:34:00Z,-300,1579361640000,1.064563,24.768544,28.332200,0,0,1,false
2020-01-18T15:35:00Z,-300,1579361700000,1.063806,24.507765,28.379000,0,0,1,false
2020-01-18T15:36:00Z,-300,1579361760000,1.063690,24.174176,28.458650,0,0,1,false
2020-01-18T15:37:00Z,-300,1579361820000,1.063798,24.046972,28.551350,0,0,1,false
2020-01-18T15:38:00Z,-300,1579361880000,1.063763,24.105336,28.647650,0,0,1,false
2020-01-18T15:39:00Z,-300,1579361940000,1.063483,24.173989,28.735767,0,0,1,false
2020-01-18T15:40:00Z,-300,1579362000000,1.063808,24.181045,28.811100,0,0,1,false
2020-01-18T15:41:00Z,-300,1579362060000,1.063673,24.208246,28.875450,0,0,1,false
2020-01-18T15:42:00Z,-300,1579362120000,1.063585,24.319647,28.928100,0,0,1,false
2020-01-18T15:43:00Z,-300,1579362180000,1.064136,24.383251,28.980750,0,0,1,false
2020-01-18T15:44:00Z,-300,1579362240000,1.063994,24.402027,29.023950,0,0,1,false
2020-01-18T15:45:00Z,-300,1579362300000,1.063934,24.456635,29.068683,0,0,1,false
2020-01-18T15:46:00Z,-300,1579362360000,1.063929,24.482428,29.109800,0,0,1,false
2020-01-18T15:47:00Z,-300,1579362420000,1.063905,24.497966,29.147967,0,0,1,false
2020-01-18T15:48:00Z,-300,1579362480000,1.063928,24.532593,29.196100,0,0,1,false
2020-01-18T15:49:00Z,-300,1579362540000,1.064001,24.642715,29.251350,0,0,1,false
2020-01-18T15:50:00Z,-300,1579362600000,1.063852,24.701591,29.290633,0,0,1,false
2020-01-18T15:51:00Z,-300,1579362660000,1.064159,24.828389,29.317050,0,0,1,false
2020-01-18T15:52:00Z,-300,1579362720000,1.064339,24.877873,29.338533,0,0,1,false
2020-01-18T15:53:00Z,-300,1579362780000,1.063080,24.977274,29.364300,0,0,1,false
2020-01-18T15:54:00Z,-300,1579362840000,1.060666,25.094533,29.385350,0,0,1,false
2020-01-18T15:55:00Z,-300,1579362900000,1.060667,25.189884,29.395250,0,0,1,false
2020-01-18T15:56:00Z,-300,1579362960000,1.060809,25.228557,29.407850,0,0,1,false
2020-01-18T15:57:00Z,-300,1579363020000,1.061354,25.259151,29.418200,0,0,1,false
2020-01-18T15:58:00Z,-300,1579363080000,1.061491,25.372283,29.419550,0,0,1,false
2020-01-18T15:59:00Z,-300,1579363140000,1.061467,25.409571,29.420900,0,0,1,false
2020-01-18T16:00:00Z,-300,1579363200000,1.061132,25.458623,29.432150,0,0,1,false
2020-01-18T16:01:00Z,-300,1579363260000,1.061084,25.547957,29.437967,0,0,1,false
2020-01-18T16:02:00Z,-300,1579363320000,1.060929,25.569903,29.448183,0,0,1,false
2020-01-18T16:03:00Z,-300,1579363380000,1.061299,25.589428,29.457783,0,0,1,false
2020-01-18T16:04:00Z,-300,1579363440000,1.061007,25.629651,29.465633,0,0,1,false
2020-01-18T16:05:00Z,-300,1579363500000,1.060974,25.729946,29.471267,0,0,1,false
2020-01-18T16:06:00Z,-300,1579363560000,1.061074,25.788704,29.475250,0,0,1,false
2020-01-18T16:07:00Z,-300,1579363620000,1.061135,25.866957,29.473900,0,0,1,false
2020-01-18T16:08:00Z,-300,1579363680000,1.060857,25.890234,29.483800,0,0,1,false
2020-01-18T16:09:00Z,-300,1579363740000,1.061122,25.920572,29.496850,0,0,1,false
2020-01-18T16:10:00Z,-300,1579363800000,1.061015,26.004912,29.512150,0,0,1,false
2020-01-18T16:11:00Z,-300,1579363860000,1.061229,26.036411,29.535550,0,0,1,false
2020-01-18T16:12:00Z,-300,1579363920000,1.061105,26.060386,29.575817,0,0,2,false
2020-01-18T16:13:00Z,-300,1579363980000,1.056215,29.053708,29.698767,0,0,2,false
2020-01-18T16:14:00Z,-300,1579364040000,1.064305,26.616160,29.678933,0,0,1,false
2020-01-18T16:15:00Z,-300,1579364100000,1.064343,26.209210,29.575169,0,0,2,false
2020-01-18T16:16:00Z,-300,1579364160000,1.064321,26.006072,29.852467,0,0,1,false
2020-01-18T16:17:00Z,-300,1579364220000,1.064033,25.934519,29.397433,0,0,1,false
2020-01-18T16:18:00Z,-300,1579364280000,1.063912,25.846662,29.387150,0,0,1,false
2020-01-18T16:19:00Z,-300,1579364340000,1.064126,25.820521,29.389850,0,0,1,false
2020-01-18T16:20:00Z,-300,1579364400000,1.064216,25.774115,29.404951,0,0,1,false
2020-01-18T16:21:00Z,-300,1579364460000,1.063808,25.933073,29.419526,0,0,1,false
2020-01-18T16:22:00Z,-300,1579364520000,1.063936,25.852304,29.420000,0,0,1,false
2020-01-18T16:23:00Z,-300,1579364580000,1.063956,25.794437,29.420000,0,0,1,false
2020-01-18T16:24:00Z,-300,1579364640000,1.063943,25.769563,29.421800,0,0,1,false
2020-01-18T16:25:00Z,-300,1579364700000,1.064024,25.766266,29.428550,0,0,1,false
2020-01-18T16:26:00Z,-300,1579364760000,1.064110,25.772531,29.434833,0,0,1,false
2020-01-18T16:27:00Z,-300,1579364820000,1.064182,25.788618,29.445983,0,0,1,false
2020-01-18T16:28:00Z,-300,1579364880000,1.064016,25.821486,29.446900,0,0,1,false
2020-01-18T16:29:00Z,-300,1579364940000,1.063682,25.866810,29.456067,0,0,1,false
2020-01-18T16:30:00Z,-300,1579365000000,1.062920,25.999884,29.464767,0,0,1,false
2020-01-18T16:31:00Z,-300,1579365060000,1.062717,26.019202,29.468700,0,0,1,false
2020-01-18T16:32:00Z,-300,1579365120000,1.063093,26.008409,29.490550,0,0,1,false
2020-01-18T16:33:00Z,-300,1579365180000,1.063356,26.017331,29.534633,0,0,1,false
2020-01-18T16:34:00Z,-300,1579365240000,1.063589,25.992415,29.578767,0,0,1,false
2020-01-18T16:35:00Z,-300,1579365300000,1.063360,25.972204,29.591250,0,0,1,false
2020-01-18T16:36:00Z,-300,1579365360000,1.063173,25.987312,29.586300,0,0,1,false
2020-01-18T16:37:00Z,-300,1579365420000,1.063383,25.987625,29.579617,0,0,1,false
2020-01-18T16:38:00Z,-300,1579365480000,1.062950,25.987618,29.560483,0,0,1,false
2020-01-18T16:39:00Z,-300,1579365540000,1.063324,26.015538,29.541383,0,0,1,false
2020-01-18T16:40:00Z,-300,1579365600000,1.063214,26.017247,29.527000,0,0,1,false
2020-01-18T16:41:00Z,-300,1579365660000,1.054266,26.426393,29.510350,0,0,1,false
2020-01-18T16:42:00Z,-300,1579365720000,1.045714,26.709083,29.480200,0,0,1,false
2020-01-18T16:43:00Z,-300,1579365780000,1.048933,26.349690,29.483800,0,0,1,false
2020-01-18T16:44:00Z,-300,1579365840000,1.049049,26.403164,29.532441,0,0,1,false
2020-01-18T16:45:00Z,-300,1579365900000,1.048776,26.432176,29.608738,0,0,1,false
2020-01-18T16:46:00Z,-300,1579365960000,1.048867,26.462796,29.696450,0,0,1,false
2020-01-18T16:47:00Z,-300,1579366020000,1.049570,26.702987,29.765950,0,0,1,false
2020-01-18T16:48:00Z,-300,1579366080000,1.049360,26.787664,29.836667,0,0,1,false
2020-01-18T16:49:00Z,-300,1579366140000,1.049198,26.814172,29.899700,0,0,1,false
2020-01-18T16:50:00Z,-300,1579366200000,1.048966,27.007618,29.960050,0,0,1,false
2020-01-18T16:51:00Z,-300,1579366260000,1.048444,27.042228,30.017067,0,0,1,false
2020-01-18T16:52:00Z,-300,1579366320000,1.048398,27.061863,30.075000,0,0,1,false
2020-01-18T16:53:00Z,-300,1579366380000,1.010917,28.488474,30.126617,0,0,2,false
2020-01-18T16:54:00Z,-300,1579366440000,0.964565,27.638201,30.163817,0,0,2,false
2020-01-18T16:55:00Z,-300,1579366500000,1.024061,28.272765,30.098783,0,0,2,false
2020-01-18T16:56:00Z,-300,1579366560000,1.021568,27.344156,29.998483,0,0,1,false
2020-01-18T16:57:00Z,-300,1579366620000,1.021741,27.123007,29.915400,0,0,1,false
2020-01-18T16:58:00Z,-300,1579366680000,1.026350,27.165662,29.854500,0,0,1,false
2020-01-18T16:59:00Z,-300,1579366740000,1.025825,27.126197,29.821450,0,0,1,false
2020-01-18T17:00:00Z,-300,1579366800000,1.025777,27.094873,29.805700,0,0,1,false
2020-01-18T17:01:00Z,-300,1579366860000,1.026071,27.074960,29.797150,0,0,1,false
2020-01-18T17:02:00Z,-300,1579366920000,1.026096,27.061151,29.798050,0,0,1,false
2020-01-18T17:03:00Z,-300,1579366980000,1.026018,27.056329,29.803000,0,0,1,false
2020-01-18T17:04:00Z,-300,1579367040000,1.025879,27.091075,29.809750,0,0,1,false
2020-01-18T17:05:00Z,-300,1579367100000,1.025796,27.051310,29.812450,0,0,1,false
2020-01-18T17:06:00Z,-300,1579367160000,1.025697,27.015872,29.815600,0,0,1,false
2020-01-18T17:07:00Z,-300,1579367220000,1.025745,27.019681,29.817850,0,0,1,false
2020-01-18T17:08:00Z,-300,1579367280000,1.025628,27.068058,29.823250,0,0,1,false
2020-01-18T17:09:00Z,-300,1579367340000,1.025683,27.094719,29.828200,0,0,1,false
2020-01-18T17:10:00Z,-300,1579367400000,1.025371,27.092310,29.834950,0,0,1,false
2020-01-18T17:11:00Z,-300,1579367460000,1.023320,27.436909,29.836283,0,0,1,false
2020-01-18T17:12:00Z,-300,1579367520000,1.014717,29.366729,29.828200,0,0,1,false
2020-01-18T17:13:00Z,-300,1579367580000,1.015783,27.750735,29.816500,0,0,1,false
2020-01-18T17:14:00Z,-300,1579367640000,1.015535,27.512097,29.778733,0,0,1,false
2020-01-18T17:15:00Z,-300,1579367700000,1.015863,27.376953,29.747933,0,0,1,false
2020-01-18T17:16:00Z,-300,1579367760000,1.015599,27.308216,29.746200,0,0,1,false
2020-01-18T17:17:00Z,-300,1579367820000,1.015638,27.302255,29.745767,0,0,1,false
2020-01-18T17:18:00Z,-300,1579367880000,1.015559,27.284050,29.757900,0,0,1,false
2020-01-18T17:19:00Z,-300,1579367940000,1.016026,27.278827,29.787250,0,0,1,false
2020-01-18T17:20:00Z,-300,1579368000000,1.016348,27.261357,29.823250,0,0,1,false
2020-01-18T17:21:00Z,-300,1579368060000,1.016416,27.271204,29.482683,0,0,1,false
2020-01-18T17:22:00Z,-300,1579368120000,1.016346,27.209330,29.330850,0,0,1,false
2020-01-18T17:23:00Z,-300,1579368180000,1.016450,27.168998,29.297733,0,0,1,false
2020-01-18T17:24:00Z,-300,1579368240000,1.016776,27.144201,29.271267,0,0,1,false
2020-01-18T17:25:00Z,-300,1579368300000,1.016592,27.129213,29.253700,0,0,1,false
2020-01-18T17:26:00Z,-300,1579368360000,1.015821,27.127404,29.232550,0,0,1,false
2020-01-18T17:27:00Z,-300,1579368420000,1.013623,27.146000,29.210950,0,0,1,false
2020-01-18T17:28:00Z,-300,1579368480000,1.013274,27.153986,29.192950,0,0,1,false
2020-01-18T17:29:00Z,-300,1579368540000,1.013042,27.151809,29.162100,0,0,1,false
2020-01-18T17:30:00Z,-300,1579368600000,1.012864,27.167730,29.135000,0,0,1,false
2020-01-18T17:31:00Z,-300,1579368660000,1.012851,27.125096,29.107100,0,0,1,false
2020-01-18T17:32:00Z,-300,1579368720000,1.012718,27.101478,29.079667,0,0,1,false
2020-01-18T17:33:00Z,-300,1579368780000,1.012888,27.080208,29.054200,0,0,1,false
2020-01-18T17:34:00Z,-300,1579368840000,1.012202,27.092808,29.028883,0,0,1,false
2020-01-18T17:35:00Z,-300,1579368900000,1.011419,27.082786,28.999650,0,0,1,false
2020-01-18T17:36:00Z,-300,1579368960000,1.011288,27.075945,28.990650,0,0,1,false
2020-01-18T17:37:00Z,-300,1579369020000,1.011133,27.063804,28.972200,0,0,1,false
2020-01-18T17:38:00Z,-300,1579369080000,1.011118,26.992418,28.956450,0,0,1,false
2020-01-18T17:39:00Z,-300,1579369140000,1.011158,26.970986,28.943850,0,0,1,false
2020-01-18T17:40:00Z,-300,1579369200000,1.011241,26.970465,28.937550,0,0,1,false
2020-01-18T17:41:00Z,-300,1579369260000,1.011356,27.152296,28.919550,0,0,1,false
2020-01-18T17:42:00Z,-300,1579369320000,1.011415,27.234091,28.900200,0,0,1,false
2020-01-18T17:43:00Z,-300,1579369380000,1.011439,27.227696,28.891200,0,0,1,false
2020-01-18T17:44:00Z,-300,1579369440000,1.011349,27.232354,28.886250,0,0,1,false
2020-01-18T17:45:00Z,-300,1579369500000,1.011510,27.236412,28.884450,0,0,1,false
2020-01-18T17:46:00Z,-300,1579369560000,1.011051,27.250927,28.882650,0,0,1,false
2020-01-18T17:47:00Z,-300,1579369620000,1.009420,27.323982,28.885350,0,0,1,false
2020-01-18T17:48:00Z,-300,1579369680000,1.010603,27.504043,28.902450,0,0,1,false
2020-01-18T17:49:00Z,-300,1579369740000,1.011828,27.457920,28.929900,0,0,1,false
2020-01-18T17:50:00Z,-300,1579369800000,1.010617,27.762447,28.917750,0,0,1,false
2020-01-18T17:51:00Z,-300,1579369860000,1.011207,28.296665,28.912800,0,0,1,false
2020-01-18T17:52:00Z,-300,1579369920000,1.011153,28.269705,28.917750,0,0,1,false
2020-01-18T17:53:00Z,-300,1579369980000,1.011133,28.277046,28.918200,0,0,1,false
2020-01-18T17:54:00Z,-300,1579370040000,1.010405,28.327154,28.910100,0,0,1,false
2020-01-18T17:55:00Z,-300,1579370100000,1.016196,28.296109,28.914150,0,0,1,false
2020-01-18T17:56:00Z,-300,1579370160000,1.015320,28.284742,28.921350,0,0,1,false
2020-01-18T17:57:00Z,-300,1579370220000,1.006166,28.542844,28.915050,0,0,2,false
2020-01-18T17:58:00Z,-300,1579370280000,1.022370,29.135563,28.970400,0,0,2,false
2020-01-18T17:59:00Z,-300,1579370340000,0.975351,32.216844,29.085267,0,0,2,false
2020-01-18T18:00:00Z,-300,1579370400000,0.983570,30.653232,29.157100,0,0,2,false
2020-01-18T18:01:00Z,-300,1579370460000,0.978936,30.971561,29.200600,0,0,1,false
2020-01-18T18:02:00Z,-300,1579370520000,0.982736,31.090136,29.268967,0,0,1,false
2020-01-18T18:03:00Z,-300,1579370580000,0.981397,31.437145,29.372117,0,0,1,false
2020-01-18T18:04:00Z,-300,1579370640000,0.979196,31.440494,29.474717,0,0,1,false
2020-01-18T18:05:00Z,-300,1579370700000,0.984985,31.965368,29.598650,0,0,1,false
2020-01-18T18:06:00Z,-300,1579370760000,0.985856,31.917817,29.706350,0,0,1,false
2020-01-18T18:07:00Z,-300,1579370820000,0.983841,32.200207,29.756167,0,0,1,false
2020-01-18T18:08:00Z,-300,1579370880000,0.987958,32.407899,29.805267,0,0,2,false
2020-01-18T18:09:00Z,-300,1579370940000,0.987455,34.837127,29.865483,0,0,1,false
2020-01-18T18:10:00Z,-300,1579371000000,0.985436,32.717733,29.895150,0,0,1,false
2020-01-18T18:11:00Z,-300,1579371060000,0.984705,32.126436,29.938717,0,0,1,false
2020-01-18T18:12:00Z,-300,1579371120000,0.986295,32.648705,30.023250,0,0,1,false
2020-01-18T18:13:00Z,-300,1579371180000,0.989028,32.867781,30.089533,0,0,1,false
2020-01-18T18:14:00Z,-300,1579371240000,0.990165,32.988109,30.146000,0,0,1,false
2020-01-18T18:15:00Z,-300,1579371300000,0.987877,32.980288,30.210417,0,0,1,false
2020-01-18T18:16:00Z,-300,1579371360000,0.988940,33.251778,30.249400,0,0,1,false
2020-01-18T18:17:00Z,-300,1579371420000,0.988402,33.345375,30.273367,0,0,1,false
2020-01-18T18:18:00Z,-300,1579371480000,0.988943,33.383990,30.317667,0,0,1,false
2020-01-18T18:19:00Z,-300,1579371540000,0.989630,33.052999,30.370267,0,0,1,false
2020-01-18T18:20:00Z,-300,1579371600000,0.979287,31.197680,30.491750,0,0,2,false
2020-01-18T18:21:00Z,-300,1579371660000,0.975248,31.847578,30.634100,0,0,1,false
2020-01-18T18:22:00Z,-300,1579371720000,0.975094,35.739406,30.702700,0,0,1,false
2020-01-18T18:23:00Z,-300,1579371780000,0.983817,33.792698,30.709783,0,0,1,false
2020-01-18T18:24:00Z,-300,1579371840000,0.985486,33.455723,30.830250,0,0,1,false
2020-01-18T18:25:00Z,-300,1579371900000,0.986255,32.923807,30.993350,0,0,1,false
2020-01-18T18:26:00Z,-300,1579371960000,0.990722,33.258948,31.232167,0,0,1,false
2020-01-18T18:27:00Z,-300,1579372020000,0.989573,33.581827,30.761433,0,0,1,false
2020-01-18T18:28:00Z,-300,1579372080000,0.985704,33.609640,30.787100,0,0,1,false
2020-01-18T18:29:00Z,-300,1579372140000,0.980381,33.582997,30.830033,0,0,1,false
2020-01-18T18:30:00Z,-300,1579372200000,0.984030,33.132520,30.864850,0,0,1,false
2020-01-18T18:31:00Z,-300,1579372260000,0.981248,33.404629,30.928950,0,0,1,false
2020-01-18T18:32:00Z,-300,1579372320000,0.983417,33.520921,30.989383,0,0,1,false
2020-01-18T18:33:00Z,-300,1579372380000,0.989090,32.794542,31.037700,0,0,2,false
2020-01-18T18:34:00Z,-300,1579372440000,0.988982,31.713404,31.080600,0,0,2,false
2020-01-18T18:35:00Z,-300,1579372500000,0.982580,32.167642,31.144100,0,0,2,false
2020-01-18T18:36:00Z,-300,1579372560000,0.976465,32.143661,31.198600,0,0,1,false
2020-01-18T18:37:00Z,-300,1579372620000,0.980147,32.630196,31.249733,0,0,1,false
2020-01-18T18:38:00Z,-300,1579372680000,0.979913,32.614260,31.311783,0,0,1,false
2020-01-18T18:39:00Z,-300,1579372740000,0.979534,30.811586,31.359500,0,0,1,false
2020-01-18T18:40:00Z,-300,1579372800000,0.974264,29.834516,31.441833,0,0,1,false
2020-01-18T18:41:00Z,-300,1579372860000,0.976246,29.750852,31.531233,0,0,1,false
2020-01-18T18:42:00Z,-300,1579372920000,0.985539,34.189367,31.625633,0,0,1,false
2020-01-18T18:43:00Z,-300,1579372980000,0.983858,33.331037,31.689533,0,0,1,false
2020-01-18T18:44:00Z,-300,1579373040000,0.988498,32.685242,31.722467,0,0,2,false
2020-01-18T18:45:00Z,-300,1579373100000,0.985252,31.353631,31.721600,0,0,1,false
2020-01-18T18:46:00Z,-300,1579373160000,0.982276,31.541274,31.713367,0,0,2,false
2020-01-18T18:47:00Z,-300,1579373220000,0.982845,31.742469,31.725933,0,0,1,false
2020-01-18T18:48:00Z,-300,1579373280000,0.981635,31.590452,31.746417,0,0,1,false
2020-01-18T18:49:00Z,-300,1579373340000,1.032743,31.313443,31.777050,0,0,2,false
2020-01-18T18:50:00Z,-300,1579373400000,0.995115,31.570626,31.802767,0,0,1,false
2020-01-18T18:51:00Z,-300,1579373460000,0.999669,32.603917,31.803200,0,0,2,false
2020-01-18T18:52:00Z,-300,1579373520000,1.021491,32.934002,31.812267,0,0,2,false
2020-01-18T18:53:00Z,-300,1579373580000,0.985004,30.711236,31.689117,0,0,1,false
2020-01-18T18:54:00Z,-300,1579373640000,0.985709,30.149738,31.562183,0,0,1,false
2020-01-18T18:55:00Z,-300,1579373700000,0.986294,29.689371,31.474817,0,0,1,false
2020-01-18T18:56:00Z,-300,1579373760000,0.985828,29.401058,31.402833,0,0,1,false
2020-01-18T18:57:00Z,-300,1579373820000,0.985341,29.214342,31.343467,0,0,1,false
2020-01-18T18:58:00Z,-300,1579373880000,0.985242,29.054556,31.298400,0,0,1,false
2020-01-18T18:59:00Z,-300,1579373940000,0.984813,29.013834,31.272700,0,0,1,false
2020-01-18T19:00:00Z,-300,1579374000000,0.984628,28.955942,31.257533,0,0,1,false
2020-01-18T19:01:00Z,-300,1579374060000,0.984584,28.908993,31.237600,0,0,1,false
2020-01-18T19:02:00Z,-300,1579374120000,0.995218,30.680861,31.209433,0,0,1,false
2020-01-18T19:03:00Z,-300,1579374180000,0.994481,28.983924,31.177800,0,0,1,false
2020-01-18T19:04:00Z,-300,1579374240000,0.993790,28.495536,31.148550,0,0,1,false
2020-01-18T19:05:00Z,-300,1579374300000,0.993615,28.341968,31.123500,0,0,1,false
2020-01-18T19:06:00Z,-300,1579374360000,0.999219,29.630142,31.114833,0,0,1,false
2020-01-18T19:07:00Z,-300,1579374420000,1.010275,28.914384,31.112233,0,0,1,false
2020-01-18T19:08:00Z,-300,1579374480000,1.009963,28.279778,31.106600,0,0,1,false
2020-01-18T19:09:00Z,-300,1579374540000,1.008490,27.960352,31.091867,0,0,1,false
2020-01-18T19:10:00Z,-300,1579374600000,1.004519,27.308479,31.074967,0,0,1,false
2020-01-18T19:11:00Z,-300,1579374660000,1.004043,27.087263,31.055900,0,0,1,false
2020-01-18T19:12:00Z,-300,1579374720000,1.003784,26.949039,31.042033,0,0,1,false
2020-01-18T19:13:00Z,-300,1579374780000,1.003539,26.779789,31.026433,0,0,1,false
2020-01-18T19:14:00Z,-300,1579374840000,1.003255,26.616917,31.016033,0,0,1,false
2020-01-18T19:15:00Z,-300,1579374900000,1.003326,26.440714,31.010283,0,0,1,false
2020-01-18T19:16:00Z,-300,1579374960000,1.003021,26.360756,31.004450,0,0,1,false
2020-01-18T19:17:00Z,-300,1579375020000,1.002750,26.269286,30.998150,0,0,1,false
2020-01-18T19:18:00Z,-300,1579375080000,1.002748,26.198089,30.997250,0,0,1,false
2020-01-18T19:19:00Z,-300,1579375140000,1.002808,26.168586,30.996350,0,0,1,false
2020-01-18T19:20:00Z,-300,1579375200000,1.002810,26.113138,30.995000,0,0,1,false
2020-01-18T19:21:00Z,-300,1579375260000,1.002620,25.995236,31.000850,0,0,1,false
2020-01-18T19:22:00Z,-300,1579375320000,1.002375,25.917264,31.009850,0,0,1,false
2020-01-18T19:23:00Z,-300,1579375380000,1.002292,25.843785,31.014700,0,0,1,false
2020-01-18T19:24:00Z,-300,1579375440000,1.002030,25.784527,31.028600,0,0,1,false
2020-01-18T19:25:00Z,-300,1579375500000,1.002015,25.752375,31.052433,0,0,1,false
2020-01-18T19:26:00Z,-300,1579375560000,1.002248,25.727110,31.074100,0,0,1,false
2020-01-18T19:27:00Z,-300,1579375620000,1.001996,25.674451,31.106167,0,0,1,false
2020-01-18T19:28:00Z,-300,1579375680000,1.002153,25.675498,31.148150,0,0,1,false
2020-01-18T19:29:00Z,-300,1579375740000,1.002064,25.638402,31.207267,0,0,1,false
2020-01-18T19:30:00Z,-300,1579375800000,1.001894,25.583294,31.291550,0,0,1,false
2020-01-18T19:31:00Z,-300,1579375860000,1.001774,25.528092,31.031700,0,0,1,false
2020-01-18T19:32:00Z,-300,1579375920000,1.001617,25.488086,30.734117,0,0,1,false
2020-01-18T19:33:00Z,-300,1579375980000,1.002278,25.594545,30.739333,0,0,1,false
2020-01-18T19:34:00Z,-300,1579376040000,1.001509,25.562033,30.726700,0,0,1,false
2020-01-18T19:35:00Z,-300,1579376100000,1.001179,25.492068,30.707583,0,0,1,false
2020-01-18T19:36:00Z,-300,1579376160000,1.001029,25.413970,30.693267,0,0,1,false
2020-01-18T19:37:00Z,-300,1579376220000,1.000415,25.394120,30.677667,0,0,1,false
2020-01-18T19:38:00Z,-300,1579376280000,1.000434,25.337870,30.658650,0,0,1,false
2020-01-18T19:39:00Z,-300,1579376340000,1.000357,25.287428,30.641617,0,0,1,false
2020-01-18T19:40:00Z,-300,1579376400000,1.000778,25.250610,30.626833,0,0,1,false
2020-01-18T19:41:00Z,-300,1579376460000,1.000416,25.192026,30.606900,0,0,1,false
2020-01-18T19:42:00Z,-300,1579376520000,1.000341,25.160805,30.589950,0,0,1,false
2020-01-18T19:43:00Z,-300,1579376580000,1.000104,25.146828,30.577850,0,0,1,false
2020-01-18T19:44:00Z,-300,1579376640000,0.999578,25.127062,30.564367,0,0,1,false
2020-01-18T19:45:00Z,-300,1579376700000,0.996234,25.116638,30.551300,0,0,1,false
2020-01-18T19:46:00Z,-300,1579376760000,0.996099,24.991133,30.535183,0,0,1,false
2020-01-18T19:47:00Z,-300,1579376820000,0.996348,24.922626,30.517683,0,0,1,false
2020-01-18T19:48:00Z,-300,1579376880000,0.996453,24.847159,30.500050,0,0,1,false
2020-01-18T19:49:00Z,-300,1579376940000,0.996515,24.824219,30.484867,0,0,1,false
2020-01-18T19:50:00Z,-300,1579377000000,0.996414,24.793767,30.477250,0,0,1,false
2020-01-18T19:51:00Z,-300,1579377060000,0.996261,24.762199,30.461500,0,0,1,false
2020-01-18T19:52:00Z,-300,1579377120000,0.995986,24.730121,30.449633,0,0,1,false
2020-01-18T19:53:00Z,-300,1579377180000,0.995960,24.678213,30.436633,0,0,1,false
2020-01-18T19:54:00Z,-300,1579377240000,0.996072,24.661572,30.425367,0,0,1,false
2020-01-18T19:55:00Z,-300,1579377300000,0.995800,24.622523,30.412367,0,0,1,false
2020-01-18T19:56:00Z,-300,1579377360000,0.995959,24.591104,30.399117,0,0,1,false
2020-01-18T19:57:00Z,-300,1579377420000,0.995719,24.560803,30.386550,0,0,1,false
2020-01-18T19:58:00Z,-300,1579377480000,0.995626,24.503162,30.380250,0,0,1,false
2020-01-18T19:59:00Z,-300,1579377540000,0.995770,24.491463,30.373233,0,0,1,false
2020-01-18T20:00:00Z,-300,1579377600000,0.995912,24.455689,30.362383,0,0,1,false
2020-01-18T20:01:00Z,-300,1579377660000,0.995701,24.416816,30.353667,0,0,1,false
2020-01-18T20:02:00Z,-300,1579377720000,0.995922,24.394951,30.351067,0,0,1,false
2020-01-18T20:03:00Z,-300,1579377780000,0.995731,24.378192,30.350167,0,0,1,false
2020-01-18T20:04:00Z,-300,1579377840000,0.995710,24.338888,30.354600,0,0,1,false
2020-01-18T20:05:00Z,-300,1579377900000,0.995861,24.294626,30.359750,0,0,1,false
2020-01-18T20:06:00Z,-300,1579377960000,0.995799,24.266918,30.353717,0,0,1,false
2020-01-18T20:07:00Z,-300,1579378020000,0.995774,24.240239,30.340492,0,0,1,false
2020-01-18T20:08:00Z,-300,1579378080000,0.995605,24.229034,30.325933,0,0,1,false
2020-01-18T20:09:00Z,-300,1579378140000,0.995800,24.216891,30.320667,0,0,1,false
2020-01-18T20:10:00Z,-300,1579378200000,0.995692,24.203068,30.304450,0,0,1,false
2020-01-18T20:11:00Z,-300,1579378260000,0.995835,24.189660,30.282733,0,0,1,false
2020-01-18T20:12:00Z,-300,1579378320000,0.995674,24.127564,30.273350,0,0,1,false
2020-01-18T20:13:00Z,-300,1579378380000,0.995622,24.116004,30.272883,0,0,1,false
2020-01-18T20:14:00Z,-300,1579378440000,0.996961,24.142214,30.272450,0,0,1,false
2020-01-18T20:15:00Z,-300,1579378500000,0.997758,24.001216,30.269833,0,0,1,false
2020-01-18T20:16:00Z,-300,1579378560000,0.997970,23.973227,30.263333,0,0,1,false
2020-01-18T20:17:00Z,-300,1579378620000,0.999052,23.958375,30.263333,0,0,2,false
2020-01-18T20:18:00Z,-300,1579378680000,0.999351,23.909612,30.270700,0,0,1,false
2020-01-18T20:19:00Z,-300,1579378740000,0.992832,23.909545,30.272017,0,0,2,false
2020-01-18T20:20:00Z,-300,1579378800000,1.008545,24.908548,30.266800,0,0,2,false
2020-01-18T20:21:00Z,-300,1579378860000,1.000291,26.701490,30.198733,0,0,2,false
2020-01-18T20:22:00Z,-300,1579378920000,0.980283,26.992542,30.130533,0,0,2,false
2020-01-18T20:23:00Z,-300,1579378980000,0.947908,26.201723,30.216300,0,0,2,false
2020-01-18T20:24:00Z,-300,1579379040000,0.946800,26.188895,30.360100,0,0,1,false
2020-01-18T20:25:00Z,-300,1579379100000,0.946015,26.218004,30.483750,0,0,1,false
2020-01-18T20:26:00Z,-300,1579379160000,0.945826,26.157648,30.584333,0,0,1,false
2020-01-18T20:27:00Z,-300,1579379220000,0.945668,25.989821,30.665600,0,0,1,false
2020-01-18T20:28:00Z,-300,1579379280000,0.946010,25.987870,30.728733,0,0,1,false
2020-01-18T20:29:00Z,-300,1579379340000,0.949083,25.841933,30.790217,0,0,1,false
2020-01-18T20:30:00Z,-300,1579379400000,0.945534,25.531469,30.847900,0,0,1,false
2020-01-18T20:31:00Z,-300,1579379460000,1.014922,25.988867,30.962417,0,0,2,false
2020-01-18T20:32:00Z,-300,1579379520000,1.066464,22.345035,30.851017,0,0,1,false
2020-01-18T20:33:00Z,-300,1579379580000,1.066287,22.684735,30.777356,0,0,1,false
2020-01-18T20:34:00Z,-300,1579379640000,1.066266,22.867807,30.701400,0,0,1,false
2020-01-18T20:35:00Z,-300,1579379700000,1.066290,23.058256,30.637400,0,0,1,false
2020-01-18T20:36:00Z,-300,1579379760000,1.066295,23.320103,30.787951,0,0,1,false
2020-01-18T20:37:00Z,-300,1579379820000,1.065946,23.315920,30.578083,0,0,1,false
2020-01-18T20:38:00Z,-300,1579379880000,1.065854,23.248446,30.461617,0,0,1,false
2020-01-18T20:39:00Z,-300,1579379940000,1.065494,23.203234,30.430133,0,0,1,false
2020-01-18T20:40:00Z,-300,1579380000000,1.065432,23.181020,30.404417,0,0,1,false
2020-01-18T20:41:00Z,-300,1579380060000,1.065603,23.120959,30.381633,0,0,1,false
2020-01-18T20:42:00Z,-300,1579380120000,1.065425,23.016409,30.364133,0,0,1,false
2020-01-18T20:43:00Z,-300,1579380180000,1.065291,22.875220,30.343883,0,0,1,false
2020-01-18T20:44:00Z,-300,1579380240000,1.065541,22.710964,30.328617,0,0,1,false
2020-01-18T20:45:00Z,-300,1579380300000,1.065412,22.575487,30.310567,0,0,1,false
2020-01-18T20:46:00Z,-300,1579380360000,1.065158,22.396396,30.284950,0,0,1,false
2020-01-18T20:47:00Z,-300,1579380420000,1.065286,22.217025,30.273800,0,0,1,false
2020-01-18T20:48:00Z,-300,1579380480000,1.065328,22.062629,30.270267,0,0,1,false
2020-01-18T20:49:00Z,-300,1579380540000,1.065189,21.879194,30.262033,0,0,1,false
2020-01-18T20:50:00Z,-300,1579380600000,1.065319,21.747797,30.245917,0,0,1,false
2020-01-18T20:51:00Z,-300,1579380660000,1.065018,21.605719,30.237450,0,0,1,false
2020-01-18T20:52:00Z,-300,1579380720000,1.065447,21.495461,30.223050,0,0,1,false
2020-01-18T20:53:00Z,-300,1579380780000,1.065099,21.407504,30.219050,0,0,1,false
2020-01-18T20:54:00Z,-300,1579380840000,1.065205,21.278953,30.210767,0,0,1,false
2020-01-18T20:55:00Z,-300,1579380900000,1.065202,21.327827,30.200367,0,0,1,false
2020-01-18T20:56:00Z,-300,1579380960000,1.064427,21.484620,30.194733,0,0,1,false
2020-01-18T20:57:00Z,-300,1579381020000,1.064849,21.604504,30.190833,0,0,1,false
2020-01-18T20:58:00Z,-300,1579381080000,1.025025,22.809109,30.188667,0,0,2,false
2020-01-18T20:59:00Z,-300,1579381140000,0.951290,23.493494,30.212831,0,0,1,false
2020-01-18T21:00:00Z,-300,1579381200000,0.952207,23.828463,30.190833,0,0,1,false
2020-01-18T21:01:00Z,-300,1579381260000,0.952589,23.777009,30.142517,0,0,1,false
2020-01-18T21:02:00Z,-300,1579381320000,0.953044,23.708991,30.081623,0,0,1,false
2020-01-18T21:03:00Z,-300,1579381380000,0.953368,23.745145,30.021483,0,0,1,false
2020-01-18T21:04:00Z,-300,1579381440000,0.953340,23.645612,29.949833,0,0,1,false
2020-01-18T21:05:00Z,-300,1579381500000,0.953577,23.560903,29.876117,0,0,1,false
2020-01-18T21:06:00Z,-300,1579381560000,0.953510,23.477157,29.815150,0,0,1,false
2020-01-18T21:07:00Z,-300,1579381620000,0.953472,23.352981,29.755800,0,0,1,false
2020-01-18T21:08:00Z,-300,1579381680000,0.953651,23.312695,29.702300,0,0,1,false
2020-01-18T21:09:00Z,-300,1579381740000,0.953768,23.403329,29.650983,0,0,1,false
2020-01-18T21:10:00Z,-300,1579381800000,0.953856,23.417790,29.618250,0,0,1,false
2020-01-18T21:11:00Z,-300,1579381860000,0.953799,23.450657,29.587250,0,0,1,false
2020-01-18T21:12:00Z,-300,1579381920000,0.953800,23.478213,29.565250,0,0,1,false
2020-01-18T21:13:00Z,-300,1579381980000,0.953522,23.514456,29.539356,0,0,1,false
2020-01-18T21:14:00Z,-300,1579382040000,0.953916,23.527931,29.527000,0,0,1,false
2020-01-18T21:15:00Z,-300,1579382100000,0.953822,23.540862,29.520250,0,0,1,false
2020-01-18T21:16:00Z,-300,1579382160000,0.953927,23.504497,29.503984,0,0,1,false
2020-01-18T21:17:00Z,-300,1579382220000,0.953887,23.512291,29.497750,0,0,1,false
2020-01-18T21:18:00Z,-300,1579382280000,0.953581,23.510879,29.490550,0,0,1,false
2020-01-18T21:19:00Z,-300,1579382340000,0.953644,23.526176,29.484700,0,0,1,false
2020-01-18T21:20:00Z,-300,1579382400000,0.953978,23.502784,29.466067,0,0,1,false
2020-01-18T21:21:00Z,-300,1579382460000,0.953805,23.480242,29.439300,0,0,1,false
2020-01-18T21:22:00Z,-300,1579382520000,0.953816,23.446898,29.420450,0,0,1,false
2020-01-18T21:23:00Z,-300,1579382580000,0.953682,23.420877,29.409200,0,0,1,false
2020-01-18T21:24:00Z,-300,1579382640000,0.953822,23.420662,29.387150,0,0,1,false
2020-01-18T21:25:00Z,-300,1579382700000,0.953852,23.408602,29.364767,0,0,1,false
2020-01-18T21:26:00Z,-300,1579382760000,0.953896,23.415023,29.338983,0,0,1,false
2020-01-18T21:27:00Z,-300,1579382820000,0.953951,23.403984,29.315700,0,0,1,false
2020-01-18T21:28:00Z,-300,1579382880000,0.953971,23.385181,29.291450,0,0,1,false
2020-01-18T21:29:00Z,-300,1579382940000,0.953811,23.342334,29.270400,0,0,1,false
2020-01-18T21:30:00Z,-300,1579383000000,0.954118,23.330482,29.258617,0,0,1,false
2020-01-18T21:31:00Z,-300,1579383060000,0.954009,23.335354,29.259517,0,0,1,false
2020-01-18T21:32:00Z,-300,1579383120000,0.953920,23.329497,29.277333,0,0,1,false
2020-01-18T21:33:00Z,-300,1579383180000,0.953768,23.309284,29.315700,0,0,2,false
2020-01-18T21:34:00Z,-300,1579383240000,1.001878,24.866087,29.336050,12,0,2,false
2020-01-18T21:35:00Z,-300,1579383300000,1.062284,24.247765,29.337967,19,0,2,false
2020-01-18T21:36:00Z,-300,1579383360000,1.045838,23.608654,29.290383,0,0,2,false
2020-01-18T21:37:00Z,-300,1579383420000,0.989036,23.183739,29.214133,0,0,2,false
2020-01-18T21:38:00Z,-300,1579383480000,0.977241,23.331719,29.156033,0,0,1,false
2020-01-18T21:39:00Z,-300,1579383540000,0.974549,23.351334,29.166433,0,0,1,false
2020-01-18T21:40:00Z,-300,1579383600000,0.973892,23.362074,29.217250,0,0,1,false
2020-01-18T21:41:00Z,-300,1579383660000,0.973940,23.371229,29.084017,0,0,1,false
2020-01-18T21:42:00Z,-300,1579383720000,0.973120,23.372742,28.716550,0,0,1,false
2020-01-18T21:43:00Z,-300,1579383780000,0.968691,23.358677,28.686433,0,0,1,false
2020-01-18T21:44:00Z,-300,1579383840000,0.968729,23.329085,28.654400,0,0,1,false
2020-01-18T21:45:00Z,-300,1579383900000,0.968760,23.301228,28.625600,0,0,1,false
2020-01-18T21:46:00Z,-300,1579383960000,0.970152,23.260479,28.595450,0,0,1,false
2020-01-18T21:47:00Z,-300,1579384020000,0.970068,23.231186,28.560350,0,0,1,false
2020-01-18T21:48:00Z,-300,1579384080000,0.971044,23.196878,28.532458,0,0,1,false
2020-01-18T21:49:00Z,-300,1579384140000,0.970098,23.171566,28.499600,0,0,1,false
2020-01-18T21:50:00Z,-300,1579384200000,0.969721,23.141485,28.470918,0,0,1,false
2020-01-18T21:51:00Z,-300,1579384260000,0.969942,23.118300,28.444700,0,0,1,false
2020-01-18T21:52:00Z,-300,1579384320000,0.971998,23.092829,28.423100,0,0,1,false
2020-01-18T21:53:00Z,-300,1579384380000,0.972241,23.070049,28.398800,0,0,1,false
2020-01-18T21:54:00Z,-300,1579384440000,0.971956,23.041728,28.373150,0,0,1,false
2020-01-18T21:55:00Z,-300,1579384500000,0.971753,23.018763,28.347050,0,0,1,false
2020-01-18T21:56:00Z,-300,1579384560000,0.971888,23.001417,28.323200,0,0,1,false
2020-01-18T21:57:00Z,-300,1579384620000,0.972282,22.963432,28.296650,0,0,1,false
2020-01-18T21:58:00Z,-300,1579384680000,0.972292,22.935473,28.273700,0,0,1,false
2020-01-18T21:59:00Z,-300,1579384740000,0.972164,22.911765,28.246700,0,0,1,false
2020-01-18T22:00:00Z,-300,1579384800000,0.972376,22.861798,28.229383,0,0,1,false
2020-01-18T22:01:00Z,-300,1579384860000,0.972354,22.817815,28.202967,0,0,1,false
2020-01-18T22:02:00Z,-300,1579384920000,0.972426,22.816786,28.179100,0,0,1,false
2020-01-18T22:03:00Z,-300,1579384980000,0.971916,22.857064,28.172350,0,0,1,false
2020-01-18T22:04:00Z,-300,1579385040000,0.971626,22.822484,28.163800,0,0,1,false
2020-01-18T22:05:00Z,-300,1579385100000,0.971884,22.784096,28.152100,0,0,1,false
2020-01-18T22:06:00Z,-300,1579385160000,0.971892,22.754548,28.126450,0,0,1,false
2020-01-18T22:07:00Z,-300,1579385220000,0.971995,22.732121,28.107100,0,0,1,false
2020-01-18T22:08:00Z,-300,1579385280000,0.971900,22.663516,28.083700,0,0,1,false
2020-01-18T22:09:00Z,-300,1579385340000,0.972037,22.621346,28.058500,0,0,1,false
2020-01-18T22:10:00Z,-300,1579385400000,0.970832,22.587243,28.036450,0,0,1,false
2020-01-18T22:11:00Z,-300,1579385460000,0.970607,22.527789,28.009900,0,0,1,false
2020-01-18T22:12:00Z,-300,1579385520000,0.970855,22.474258,27.986783,0,0,1,false
2020-01-18T22:13:00Z,-300,1579385580000,0.971080,22.456074,27.964933,0,0,1,false
2020-01-18T22:14:00Z,-300,1579385640000,0.971100,22.428085,27.941850,0,0,1,false
2020-01-18T22:15:00Z,-300,1579385700000,0.970961,22.400141,27.918450,0,0,1,false
2020-01-18T22:16:00Z,-300,1579385760000,0.970972,22.375551,27.902933,0,0,1,false
2020-01-18T22:17:00Z,-300,1579385820000,0.971120,22.327100,27.882483,0,0,1,false
2020-01-18T22:18:00Z,-300,1579385880000,0.970985,22.291542,27.861183,0,0,1,false
2020-01-18T22:19:00Z,-300,1579385940000,0.970747,22.262191,27.845583,0,0,1,false
2020-01-18T22:20:00Z,-300,1579386000000,0.970752,22.231591,27.827467,0,0,1,false
2020-01-18T22:21:00Z,-300,1579386060000,0.970765,22.200868,27.805300,0,0,1,false
2020-01-18T22:22:00Z,-300,1579386120000,0.970476,22.141644,27.792250,0,0,1,false
2020-01-18T22:23:00Z,-300,1579386180000,0.970813,22.122101,27.771900,0,0,1,false
2020-01-18T22:24:00Z,-300,1579386240000,0.970483,22.099259,27.755200,0,0,1,false
2020-01-18T22:25:00Z,-300,1579386300000,0.970532,22.078606,27.743117,0,0,1,false
2020-01-18T22:26:00Z,-300,1579386360000,0.970750,22.058768,27.724167,0,0,1,false
2020-01-18T22:27:00Z,-300,1579386420000,0.970739,22.036177,27.709933,0,0,1,false
2020-01-18T22:28:00Z,-300,1579386480000,0.966196,22.048858,27.691383,0,0,2,false
2020-01-18T22:29:00Z,-300,1579386540000,0.967468,21.975803,27.649633,0,0,2,false
2020-01-18T22:30:00Z,-300,1579386600000,0.969565,21.678592,27.540850,0,0,1,false
2020-01-18T22:31:00Z,-300,1579386660000,0.969928,21.539307,27.492183,0,0,1,false
2020-01-18T22:32:00Z,-300,1579386720000,0.970121,21.422773,27.460100,0,0,1,false
2020-01-18T22:33:00Z,-300,1579386780000,0.970466,21.371512,27.429933,0,0,1,false
2020-01-18T22:34:00Z,-300,1579386840000,0.970425,21.306854,27.406467,0,0,1,false
2020-01-18T22:35:00Z,-300,1579386900000,0.970381,21.229787,27.400150,0,0,1,false
2020-01-18T22:36:00Z,-300,1579386960000,0.970093,21.295747,27.396100,0,0,1,false
2020-01-18T22:37:00Z,-300,1579387020000,0.969734,21.264027,27.402644,0,0,1,false
2020-01-18T22:38:00Z,-300,1579387080000,0.970597,21.250186,27.409600,0,0,1,false
2020-01-18T22:39:00Z,-300,1579387140000,0.970457,21.247534,27.409150,0,0,1,false
2020-01-18T22:40:00Z,-300,1579387200000,0.970849,21.228619,27.406900,0,0,1,false
2020-01-18T22:41:00Z,-300,1579387260000,0.970869,21.201709,27.410574,0,0,1,false
2020-01-18T22:42:00Z,-300,1579387320000,0.970925,21.172128,27.415467,0,0,1,false
2020-01-18T22:43:00Z,-300,1579387380000,0.971231,21.162955,27.421533,0,0,1,false
2020-01-18T22:44:00Z,-300,1579387440000,0.970893,21.165802,27.439200,0,0,1,false
2020-01-18T22:45:00Z,-300,1579387500000,0.970615,21.149541,27.440583,0,0,1,false
2020-01-18T22:46:00Z,-300,1579387560000,0.970584,21.145456,27.582000,0,0,1,false
2020-01-18T22:47:00Z,-300,1579387620000,0.971554,21.116891,27.660983,0,0,2,false
2020-01-18T22:48:00Z,-300,1579387680000,1.020476,21.254066,27.431667,19,0,2,false
2020-01-18T22:49:00Z,-300,1579387740000,1.013347,21.219594,27.440650,0,0,1,false
2020-01-18T22:50:00Z,-300,1579387800000,1.014081,21.049588,27.452450,0,0,1,false
2020-01-18T22:51:00Z,-300,1579387860000,1.088177,21.246956,27.505550,39,0,1,false
2020-01-18T22:52:00Z,-300,1579387920000,1.078289,21.336572,27.700350,38,0,0,false
2020-01-18T22:53:00Z,-300,1579387980000,1.043599,21.289366,27.986983,32,42,0,false
2020-01-18T22:54:00Z,-300,1579388040000,1.042641,21.324993,28.082983,41,0,0,false
2020-01-18T22:55:00Z,-300,1579388100000,1.057806,21.193441,28.082800,32,0,0,false
2020-01-18T22:56:00Z,-300,1579388160000,1.060963,21.142908,28.052525,13,0,0,false
2020-01-18T22:57:00Z,-300,1579388220000,1.035097,24.253772,28.077850,14,0,0,false
2020-01-18T22:58:00Z,-300,1579388280000,1.037270,25.564958,28.241417,13,0,0,false
2020-01-18T22:59:00Z,-300,1579388340000,1.018266,25.644576,28.302950,0,0,0,false
2020-01-18T23:00:00Z,-300,1579388400000,1.038134,26.721172,28.320950,0,0,0,false
2020-01-18T23:01:00Z,-300,1579388460000,1.049329,24.570897,28.461800,0,0,0,false
2020-01-18T23:02:00Z,-300,1579388520000,1.032283,24.285327,28.597898,0,0,0,false
2020-01-18T23:03:00Z,-300,1579388580000,1.040245,23.859248,28.716667,25,0,0,false
2020-01-18T23:04:00Z,-300,1579388640000,1.028743,24.959551,28.800787,34,0,0,false
2020-01-18T23:05:00Z,-300,1579388700000,1.081040,23.528154,28.781400,18,37,0,false
2020-01-18T23:06:00Z,-300,1579388760000,1.082270,23.110109,28.728583,0,0,0,false
2020-01-18T23:07:00Z,-300,1579388820000,1.079404,23.026268,28.660250,0,0,0,false
2020-01-18T23:08:00Z,-300,1579388880000,1.036045,24.438624,28.637300,0,0,0,false
2020-01-18T23:09:00Z,-300,1579388940000,1.024184,24.401092,28.607600,11,0,0,false
2020-01-18T23:10:00Z,-300,1579389000000,1.042780,22.958028,28.596350,31,0,0,false
2020-01-18T23:11:00Z,-300,1579389060000,1.049402,24.391502,28.572950,14,0,0,false
2020-01-18T23:12:00Z,-300,1579389120000,1.036114,24.624915,28.583300,0,0,0,false
2020-01-18T23:13:00Z,-300,1579389180000,1.028851,24.424802,28.648550,0,0,0,false
2020-01-18T23:14:00Z,-300,1579389240000,1.062309,23.099358,28.707967,26,0,0,false
2020-01-18T23:15:00Z,-300,1579389300000,1.010495,23.797452,28.694800,0,0,0,false
2020-01-18T23:16:00Z,-300,1579389360000,0.997430,23.932384,28.700583,0,0,0,false
2020-01-18T23:17:00Z,-300,1579389420000,1.005621,23.587852,28.725417,0,0,0,false
2020-01-18T23:18:00Z,-300,1579389480000,1.022042,23.022362,28.712617,0,0,0,false
2020-01-18T23:19:00Z,-300,1579389540000,1.018718,22.735129,28.713950,0,0,0,false
2020-01-18T23:20:00Z,-300,1579389600000,1.005465,22.419599,28.686467,0,0,0,false
2020-01-18T23:21:00Z,-300,1579389660000,1.010324,22.747696,28.649917,0,0,0,false
2020-01-18T23:22:00Z,-300,1579389720000,1.005593,22.956726,28.616150,0,0,0,false
2020-01-18T23:23:00Z,-300,1579389780000,1.042194,23.119867,28.706633,0,0,0,false
2020-01-18T23:24:00Z,-300,1579389840000,1.024452,23.063812,28.769250,0,0,0,false
2020-01-18T23:25:00Z,-300,1579389900000,1.028331,21.338655,28.851150,11,0,0,false
2020-01-18T23:26:00Z,-300,1579389960000,1.038685,21.367074,28.839900,0,0,0,false
2020-01-18T23:27:00Z,-300,1579390020000,1.027296,21.596575,28.745750,0,0,0,false
2020-01-18T23:28:00Z,-300,1579390080000,1.010466,21.648123,28.667000,0,0,0,false
2020-01-18T23:29:00Z,-300,1579390140000,1.051039,21.804324,28.677800,11,0,0,false
2020-01-18T23:30:00Z,-300,1579390200000,1.056562,21.635441,28.706550,0,0,0,false
2020-01-18T23:31:00Z,-300,1579390260000,1.050956,21.500895,28.752600,0,0,0,false
2020-01-18T23:32:00Z,-300,1579390320000,1.037486,21.370516,28.807950,0,0,0,false
2020-01-18T23:33:00Z,-300,1579390380000,1.051246,21.489351,28.928550,0,0,0,false
2020-01-18T23:34:00Z,-300,1579390440000,1.009753,21.529700,28.945650,0,0,0,false
2020-01-18T23:35:00Z,-300,1579390500000,0.988883,20.984901,28.978050,0,0,0,false
2020-01-18T23:36:00Z,-300,1579390560000,1.020571,21.667770,28.994700,0,0,0,false
2020-01-18T23:37:00Z,-300,1579390620000,1.040014,21.563876,29.025300,0,0,0,false
2020-01-18T23:38:00Z,-300,1579390680000,1.047743,21.692654,29.115700,0,0,0,false
2020-01-18T23:39:00Z,-300,1579390740000,1.050996,21.748768,29.166033,0,0,0,false
2020-01-18T23:40:00Z,-300,1579390800000,1.031788,21.723011,29.215800,0,0,0,false
2020-01-18T23:41:00Z,-300,1579390860000,1.065121,21.828320,29.306627,20,0,0,false
2020-01-18T23:42:00Z,-300,1579390920000,1.024535,22.505187,29.336098,18,49,0,false
2020-01-18T23:43:00Z,-300,1579390980000,1.050485,22.028611,29.288433,25,0,0,false
2020-01-18T23:44:00Z,-300,1579391040000,1.069937,21.770005,29.298700,31,0,0,false
2020-01-18T23:45:00Z,-300,1579391100000,1.013527,21.972858,29.222567,15,47,0,false
2020-01-18T23:46:00Z,-300,1579391160000,1.045613,21.787376,29.251500,19,0,0,false
2020-01-18T23:47:00Z,-300,1579391220000,1.091153,23.780038,29.281683,62,50,0,false
2020-01-18T23:48:00Z,-300,1579391280000,1.044628,22.479978,29.358667,32,0,0,false
2020-01-18T23:49:00Z,-300,1579391340000,1.034012,21.215966,29.387183,27,0,0,false
2020-01-18T23:50:00Z,-300,1579391400000,1.062030,21.701202,29.446600,13,48,0,false
2020-01-18T23:51:00Z,-300,1579391460000,1.088902,21.129428,29.477400,31,64,0,false
2020-01-18T23:52:00Z,-300,1579391520000,1.079770,21.470877,29.240492,21,34,0,false
2020-01-18T23:53:00Z,-300,1579391580000,1.059956,21.493048,29.285393,28,50,0,false
2020-01-18T23:54:00Z,-300,1579391640000,1.095089,20.845716,29.328217,51,0,0,false
2020-01-18T23:55:00Z,-300,1579391700000,1.119251,21.514252,29.416767,72,0,0,false
2020-01-18T23:56:00Z,-300,1579391760000,1.087674,21.495905,29.521150,65,48,0,false
2020-01-18T23:57:00Z,-300,1579391820000,1.061315,21.203789,29.564833,64,0,0,false
2020-01-18T23:58:00Z,-300,1579391880000,1.077835,21.432588,29.590367,45,0,0,false
2020-01-18T23:59:00Z,-300,1579391940000,1.040211,22.075801,29.623467,20,0,0,false
2020-01-19T00:00:00Z,-300,1579392000000,1.057423,22.946522,29.619600,0,0,0,false
2020-01-19T00:01:00Z,-300,1579392060000,1.057141,23.025911,29.569633,0,0,0,false
2020-01-19T00:02:00Z,-300,1579392120000,1.030444,22.537785,29.578833,0,0,0,false
2020-01-19T00:03:00Z,-300,1579392180000,1.038982,22.697198,29.519350,0,0,0,false
2020-01-19T00:04:00Z,-300,1579392240000,1.045604,22.892624,29.504950,0,0,0,false
2020-01-19T00:05:00Z,-300,1579392300000,1.066525,22.416018,29.444850,0,0,0,false
2020-01-19T00:06:00Z,-300,1579392360000,1.053408,22.386465,29.378667,0,0,0,false
2020-01-19T00:07:00Z,-300,1579392420000,1.063872,22.915245,29.347783,0,0,0,false
2020-01-19T00:08:00Z,-300,1579392480000,1.106143,23.943629,29.240300,0,0,0,false
2020-01-19T00:09:00Z,-300,1579392540000,1.089040,25.677814,29.276133,0,0,0,false
2020-01-19T00:10:00Z,-300,1579392600000,1.064898,25.178319,29.348183,0,0,0,false
